No,Œš•¨–¼,ˆÜ“x,Œo“x
1,1,35.805462,140.357239
2,2,33.609184,130.403931
3,3,32.062775,131.47403
4,4,33.590363,130.43811
5,5,32.444469,131.660263
6,6,32.427269,131.63678
7,7,34.786232,135.574097
8,8,32.444469,131.660263
9,9,34.872639,136.534882
10,10,34.833912,136.523422
11,11,36.05864,139.63562
12,12,33.596828,131.243164
13,13,35.459953,139.680527
14,14,35.494453,139.763245
15,15,35.504227,139.76416
16,16,33.246231,131.739105
17,17,34.478535,133.762924
